orden_agencia|agencia|agencia_homol|rating|rating_norma|orden_norma
1|S&P|SP|AAA|AAA|1
1|S&P|SP|AA+|AA+|2
1|S&P|SP|AA|AA|3
1|S&P|SP|AA-|AA-|4
1|S&P|SP|A+|A+|5
1|S&P|SP|A|A|6
1|S&P|SP|A-|A-|7
1|S&P|SP|BBB+|BBB+|8
1|S&P|SP|BBB|BBB|9
1|S&P|SP|BBB-|BBB-|10
1|S&P|SP|BB+|BB+|11
1|S&P|SP|BB|BB|12
1|S&P|SP|BB-|BB-|13
1|S&P|SP|B+|B+|14
1|S&P|SP|B|B|15
1|S&P|SP|B-|B-|16
1|S&P|SP|CCC+|CCC+|17
1|S&P|SP|CCC|CCC|18
1|S&P|SP|CCC-|CCC-|19
1|S&P|SP|CC|CC|20
1|S&P|SP|D|D|21
1|S&P|SP|SD|D|21
1|Moodys|MDY|Aaa|AAA|1
1|Moodys|MDY|Aa1|AA+|2
1|Moodys|MDY|Aa2|AA|3
1|Moodys|MDY|Aa3|AA-|4
1|Moodys|MDY|A1|A+|5
1|Moodys|MDY|A2|A|6
1|Moodys|MDY|A3|A-|7
1|Moodys|MDY|Baa1|BBB+|8
1|Moodys|MDY|Baa2|BBB|9
1|Moodys|MDY|Baa3|BBB-|10
1|Moodys|MDY|Ba1|BB+|11
1|Moodys|MDY|Ba2|BB|12
1|Moodys|MDY|Ba3|BB-|13
1|Moodys|MDY|B1|B+|14
1|Moodys|MDY|B2|B|15
1|Moodys|MDY|B3|B-|16
1|Moodys|MDY|Caa1|CCC+|17
1|Moodys|MDY|Caa2|CCC|18
1|Moodys|MDY|Caa3|CCC-|19
1|Moodys|MDY|C|CC|20
1|FitchRatings|FITCH|AAA|AAA|1
1|FitchRatings|FITCH|AA+|AA+|2
1|FitchRatings|FITCH|AA|AA|3
1|FitchRatings|FITCH|AA-|AA-|4
1|FitchRatings|FITCH|A+|A+|5
1|FitchRatings|FITCH|A|A|6
1|FitchRatings|FITCH|A-|A-|7
1|FitchRatings|FITCH|BBB+|BBB+|8
1|FitchRatings|FITCH|BBB|BBB|9
1|FitchRatings|FITCH|BBB-|BBB-|10
1|FitchRatings|FITCH|BB+|BB+|11
1|FitchRatings|FITCH|BB|BB|12
1|FitchRatings|FITCH|BB-|BB-|13
1|FitchRatings|FITCH|B+|B+|14
1|FitchRatings|FITCH|B|B|15
1|FitchRatings|FITCH|B-|B-|16
1|FitchRatings|FITCH|CCC+|CCC+|17
1|FitchRatings|FITCH|CCC|CCC|18
1|FitchRatings|FITCH|CCC-|CCC-|19
1|FitchRatings|FITCH|CC|CC|20
1|FitchRatings|FITCH|C|D|21
1|FitchRatings|FITCH|DD|D|21
1|DBRS|DBRS|AAA|AAA|1
1|DBRS|DBRS|AA|AA+|2
1|DBRS|DBRS|A|A+|5
1|DBRS|DBRS|BBB|BBB+|8
1|DBRS|DBRS|BB|BB+|11
1|DBRS|DBRS|B|B+|14
1|DBRS|DBRS|CCC|CCC+|17
1|DBRS|DBRS|CC|CCC|18
1|DBRS|DBRS|C|CCC-|19
1|DBRS|DBRS|D|CC|20
2|Feller-Rate|FR|AAA|AAA|1
2|Feller-Rate|FR|AA+|AA+|2
2|Feller-Rate|FR|AA|AA|3
2|Feller-Rate|FR|AA-|AA-|4
2|Feller-Rate|FR|A+|A+|5
2|Feller-Rate|FR|A|A|6
2|Feller-Rate|FR|A-|A-|7
2|Feller-Rate|FR|BBB+|BBB+|8
2|Feller-Rate|FR|BBB|BBB|9
2|Feller-Rate|FR|BBB-|BBB-|10
2|Feller-Rate|FR|BB+|BB+|11
2|Feller-Rate|FR|BB|BB|12
2|Feller-Rate|FR|BB-|BB-|13
2|Feller-Rate|FR|B+|B+|14
2|Feller-Rate|FR|B|B|15
2|Feller-Rate|FR|B-|B-|16
2|Feller-Rate|FR|CCC+|CCC+|17
2|Feller-Rate|FR|CCC|CCC|18
2|Feller-Rate|FR|CCC-|CCC-|19
2|Feller-Rate|FR|CC|CC|20
2|Feller-Rate|FR|D|D|21
2|Feller-Rate|FR|SD|D|21
3|Humphreys|HPY|AAA|AAA|1
3|Humphreys|HPY|AA+|AA+|2
3|Humphreys|HPY|AA|AA|3
3|Humphreys|HPY|AA-|AA-|4
3|Humphreys|HPY|A+|A+|5
3|Humphreys|HPY|A|A|6
3|Humphreys|HPY|A-|A-|7
3|Humphreys|HPY|BBB+|BBB+|8
3|Humphreys|HPY|BBB|BBB|9
3|Humphreys|HPY|BBB-|BBB-|10
3|Humphreys|HPY|BB+|BB+|11
3|Humphreys|HPY|BB|BB|12
3|Humphreys|HPY|BB-|BB-|13
3|Humphreys|HPY|B+|B+|14
3|Humphreys|HPY|B|B|15
3|Humphreys|HPY|B-|B-|16
3|Humphreys|HPY|CCC+|CCC+|17
3|Humphreys|HPY|CCC|CCC|18
3|Humphreys|HPY|CCC-|CCC-|19
3|Humphreys|HPY|CC|CC|20
3|Humphreys|HPY|D|D|21
3|Humphreys|HPY|SD|D|21
4|ICR|ICR|AAA|AAA|1
4|ICR|ICR|AA|AA+|2
4|ICR|ICR|A|A+|5
4|ICR|ICR|BBB|BBB+|8
4|ICR|ICR|BB|BB+|11
4|ICR|ICR|B|B+|14
4|ICR|ICR|CCC|CCC+|17
4|ICR|ICR|CC|CCC|18
4|ICR|ICR|C|CCC-|19
4|ICR|ICR|D|CC|20
4|ICR|ICR|E|D|21
